{
	"credit": "By NZ in Blockbench",
	"texture_size": [32, 32],
	"textures": {
		"0": "modularwarfare:skins/12gaugeammo"
	},
	"elements": [
		{
			"from": [4, 0, 5],
			"to": [12, 4, 10],
			"rotation": {"angle": 0, "axis": "y", "origin": [9, 8, 8]},
			"faces": {
				"north": {"uv": [0, 3, 4.5, 5], "texture": "#0"},
				"east": {"uv": [12, 3, 15, 5], "texture": "#0"},
				"south": {"uv": [7.5, 3, 12, 5], "texture": "#0"},
				"west": {"uv": [4.5, 3, 7.5, 5], "texture": "#0"},
				"up": {"uv": [15.5, 0, 16, 0.5], "texture": "#0"},
				"down": {"uv": [0, 5, 4.5, 8], "texture": "#0"}
			}
		},
		{
			"from": [4, 4.775, 5.15],
			"to": [12, 4.775, 10.15],
			"rotation": {"angle": -22.5, "axis": "x", "origin": [8.5, 4, 7]},
			"faces": {
				"north": {"uv": [0, 0, 9, 0], "texture": "#missing"},
				"east": {"uv": [0, 0, 6, 0], "texture": "#missing"},
				"south": {"uv": [0, 0, 9, 0], "texture": "#missing"},
				"west": {"uv": [0, 0, 6, 0], "texture": "#missing"},
				"up": {"uv": [0, 0, 4.5, 3], "texture": "#0"},
				"down": {"uv": [0, 5, 4.5, 8], "texture": "#0"}
			}
		}
	],
	"display": {
		"thirdperson_righthand": {
			"rotation": [-6, -47, -1],
			"translation": [0.5, 5.25, 0],
			"scale": [0.68, 0.68, 0.68]
		},
		"thirdperson_lefthand": {
			"scale": [0, 0, 0]
		},
		"firstperson_righthand": {
			"rotation": [4, -157, -3],
			"translation": [2, 5.5, 0],
			"scale": [0.68, 0.68, 0.68]
		},
		"ground": {
			"translation": [0, 4.75, 0],
			"scale": [0.68, 0.68, 0.68]
		},
		"gui": {
			"rotation": [37, 121, 0],
			"translation": [0, 6.25, 0],
			"scale": [1.39, 1.39, 1.39]
		}
	}
}