{
	"credit": "By NZ in Blockbench",
	"texture_size": [32, 32],
	"textures": {
		"0": "modularwarfare:skins/prototype.l115a3",
		"particle": "modularwarfare:skins/prototype.l115a3"
	},
	"elements": [
		{
			"from": [13.86066, 0.32218, 7.24289],
			"to": [15.31066, 0.72218, 7.44289],
			"rotation": {"angle": 0, "axis": "y", "origin": [15.08566, 0.22218, 7.49289]},
			"faces": {
				"north": {"uv": [9, 2.5, 9.2, 3.225], "rotation": 270, "texture": "#0"},
				"east": {"uv": [9, 2.5, 9.2, 2.6], "rotation": 270, "texture": "#0"},
				"south": {"uv": [9, 2.5, 9.2, 3.225], "rotation": 270, "texture": "#0"},
				"west": {"uv": [9, 2.5, 9.2, 2.6], "rotation": 270, "texture": "#0"},
				"up": {"uv": [9, 2.5, 9.1, 3.225], "rotation": 270, "texture": "#0"},
				"down": {"uv": [9, 2.5, 9.1, 3.225], "rotation": 270, "texture": "#0"}
			}
		},
		{
			"from": [-7, 0.1, 10.9],
			"to": [10, 1.1, 11.9],
			"rotation": {"angle": 0, "axis": "y", "origin": [14.4, 1.6, 8.5]},
			"faces": {
				"north": {"uv": [0.5, 0.5, 9, 1], "rotation": 180, "texture": "#0"},
				"east": {"uv": [0.5, 0.5, 1, 1], "rotation": 180, "texture": "#0"},
				"south": {"uv": [0.5, 0.5, 9, 1], "rotation": 180, "texture": "#0"},
				"west": {"uv": [8.5, 5, 9, 5.5], "rotation": 180, "texture": "#0"},
				"up": {"uv": [0.5, 0.5, 9, 1], "rotation": 180, "texture": "#0"},
				"down": {"uv": [0.5, 0.5, 9, 1], "rotation": 180, "texture": "#0"}
			}
		},
		{
			"from": [-8, 0.1, 10.9],
			"to": [-7, 0.3, 11.9],
			"rotation": {"angle": 0, "axis": "y", "origin": [14.4, 1.6, 8.5]},
			"faces": {
				"north": {"uv": [6, 0.5, 6.5, 0.6], "rotation": 180, "texture": "#0"},
				"east": {"uv": [6, 0.5, 6.5, 0.6], "rotation": 180, "texture": "#0"},
				"south": {"uv": [6, 0.5, 6.5, 0.6], "rotation": 180, "texture": "#0"},
				"west": {"uv": [6, 0.5, 6.5, 0.6], "rotation": 180, "texture": "#0"},
				"up": {"uv": [6, 0.5, 6.5, 1], "rotation": 180, "texture": "#0"},
				"down": {"uv": [6, 0.5, 6.5, 1], "rotation": 180, "texture": "#0"}
			}
		},
		{
			"from": [-8, 0.9, 10.9],
			"to": [-7, 1.1, 11.9],
			"rotation": {"angle": 0, "axis": "y", "origin": [14.4, 1.6, 8.5]},
			"faces": {
				"north": {"uv": [6, 0.5, 6.5, 0.6], "rotation": 180, "texture": "#0"},
				"east": {"uv": [6, 0.5, 6.5, 0.6], "rotation": 180, "texture": "#0"},
				"south": {"uv": [6, 0.5, 6.5, 0.6], "rotation": 180, "texture": "#0"},
				"west": {"uv": [6, 0.5, 6.5, 0.6], "rotation": 180, "texture": "#0"},
				"up": {"uv": [6, 0.5, 6.5, 1], "rotation": 180, "texture": "#0"},
				"down": {"uv": [6, 0.5, 6.5, 1], "rotation": 180, "texture": "#0"}
			}
		},
		{
			"from": [-8, 0.3, 11.7],
			"to": [-7, 0.9, 11.9],
			"rotation": {"angle": 0, "axis": "y", "origin": [14.4, 1.6, 8.5]},
			"faces": {
				"north": {"uv": [7, 0.5, 7.3, 1], "rotation": 90, "texture": "#0"},
				"east": {"uv": [7, 0.5, 7.3, 0.6], "rotation": 90, "texture": "#0"},
				"south": {"uv": [7, 0.5, 7.3, 1], "rotation": 90, "texture": "#0"},
				"west": {"uv": [7, 0.5, 7.3, 0.6], "rotation": 90, "texture": "#0"},
				"up": {"uv": [7, 0.5, 7.1, 1], "rotation": 90, "texture": "#0"},
				"down": {"uv": [7, 0.5, 7.1, 1], "rotation": 90, "texture": "#0"}
			}
		},
		{
			"from": [-8, 0.3, 10.9],
			"to": [-7, 0.9, 11.1],
			"rotation": {"angle": 0, "axis": "y", "origin": [14.4, 1.6, 8.5]},
			"faces": {
				"north": {"uv": [7, 0.5, 7.3, 1], "rotation": 90, "texture": "#0"},
				"east": {"uv": [7, 0.5, 7.3, 0.6], "rotation": 90, "texture": "#0"},
				"south": {"uv": [7, 0.5, 7.3, 1], "rotation": 90, "texture": "#0"},
				"west": {"uv": [7, 0.5, 7.3, 0.6], "rotation": 90, "texture": "#0"},
				"up": {"uv": [7, 0.5, 7.1, 1], "rotation": 90, "texture": "#0"},
				"down": {"uv": [7, 0.5, 7.1, 1], "rotation": 90, "texture": "#0"}
			}
		},
		{
			"from": [10, 0.1, 10.9],
			"to": [13, 0.2, 11.9],
			"rotation": {"angle": 0, "axis": "y", "origin": [14.4, 1.6, 8.5]},
			"faces": {
				"north": {"uv": [1.5, 0.5, 3, 0.55], "texture": "#0"},
				"east": {"uv": [1.5, 0.5, 2, 0.55], "texture": "#0"},
				"south": {"uv": [1.5, 0.5, 3, 0.55], "texture": "#0"},
				"west": {"uv": [1.5, 0.5, 2, 0.55], "texture": "#0"},
				"up": {"uv": [1.5, 0.5, 3, 1], "texture": "#0"},
				"down": {"uv": [1.5, 0.5, 3, 1], "texture": "#0"}
			}
		},
		{
			"from": [10, 0.2, 11.8],
			"to": [13, 1.1, 11.9],
			"rotation": {"angle": 0, "axis": "y", "origin": [14.4, 1.6, 8.5]},
			"faces": {
				"north": {"uv": [0.5, 0.5, 2, 0.95], "rotation": 180, "texture": "#0"},
				"east": {"uv": [0.5, 0.5, 0.55, 0.95], "rotation": 180, "texture": "#0"},
				"south": {"uv": [0.5, 0.5, 2, 0.95], "rotation": 180, "texture": "#0"},
				"west": {"uv": [0.5, 0.5, 0.55, 0.95], "rotation": 180, "texture": "#0"},
				"up": {"uv": [0.5, 0.5, 2, 0.55], "rotation": 180, "texture": "#0"},
				"down": {"uv": [0.5, 0.5, 2, 0.55], "rotation": 180, "texture": "#0"}
			}
		},
		{
			"from": [10, 0.2, 10.9],
			"to": [16.7, 1, 11.8],
			"rotation": {"angle": 0, "axis": "y", "origin": [14.4, 1.6, 8.5]},
			"faces": {
				"north": {"uv": [9, 2.5, 12.35, 2.9], "rotation": 180, "texture": "#0"},
				"east": {"uv": [9, 2.5, 9.45, 2.9], "rotation": 180, "texture": "#0"},
				"south": {"uv": [9, 2.5, 12.35, 2.9], "rotation": 180, "texture": "#0"},
				"west": {"uv": [9, 2.5, 9.45, 2.9], "rotation": 180, "texture": "#0"},
				"up": {"uv": [9, 2.5, 12.35, 2.95], "rotation": 180, "texture": "#0"},
				"down": {"uv": [9, 2.5, 12.35, 2.95], "rotation": 180, "texture": "#0"}
			}
		},
		{
			"from": [16.2, 1, 11.3],
			"to": [16.5, 2.1, 11.6],
			"rotation": {"angle": 0, "axis": "y", "origin": [14.4, 1.6, 8.5]},
			"faces": {
				"north": {"uv": [9.5, 3, 10.05, 3.15], "rotation": 270, "texture": "#0"},
				"east": {"uv": [9.5, 3, 10.05, 3.15], "rotation": 270, "texture": "#0"},
				"south": {"uv": [9.5, 3, 10.05, 3.15], "rotation": 270, "texture": "#0"},
				"west": {"uv": [9.5, 3, 10.05, 3.15], "rotation": 270, "texture": "#0"},
				"up": {"uv": [9.5, 3, 9.65, 3.15], "rotation": 270, "texture": "#0"},
				"down": {"uv": [9.5, 3, 9.65, 3.15], "rotation": 270, "texture": "#0"}
			}
		},
		{
			"from": [16.2, 1.8, 11.625],
			"to": [16.5, 2.9, 11.925],
			"rotation": {"angle": -45, "axis": "x", "origin": [16.35, 1.55, 11.45]},
			"faces": {
				"north": {"uv": [9.5, 3, 10.05, 3.15], "rotation": 270, "texture": "#0"},
				"east": {"uv": [9.5, 3, 10.05, 3.15], "rotation": 270, "texture": "#0"},
				"south": {"uv": [9.5, 3, 10.05, 3.15], "rotation": 270, "texture": "#0"},
				"west": {"uv": [9.5, 3, 10.05, 3.15], "rotation": 270, "texture": "#0"},
				"up": {"uv": [9.5, 3, 9.65, 3.15], "rotation": 270, "texture": "#0"},
				"down": {"uv": [9.5, 3, 9.65, 3.15], "rotation": 270, "texture": "#0"}
			}
		},
		{
			"from": [16.1, 2.9, 11.525],
			"to": [16.6, 3.2, 12.025],
			"rotation": {"angle": -45, "axis": "x", "origin": [16.35, 1.55, 11.45]},
			"faces": {
				"north": {"uv": [9.5, 2.5, 10, 3], "rotation": 270, "texture": "#0"},
				"east": {"uv": [9.5, 2.5, 10, 3], "rotation": 270, "texture": "#0"},
				"south": {"uv": [9.5, 2.5, 10, 3], "rotation": 270, "texture": "#0"},
				"west": {"uv": [9.5, 2.5, 10, 3], "rotation": 270, "texture": "#0"},
				"up": {"uv": [9.5, 2.5, 10, 3], "rotation": 270, "texture": "#0"},
				"down": {"uv": [9.5, 2.5, 10, 3], "rotation": 270, "texture": "#0"}
			}
		},
		{
			"from": [13, 0.1, 10.9],
			"to": [16, 1.1, 11.9],
			"rotation": {"angle": 0, "axis": "y", "origin": [14.4, 1.6, 8.5]},
			"faces": {
				"north": {"uv": [1, 0, 2.5, 0.5], "rotation": 180, "texture": "#0"},
				"east": {"uv": [1, 0, 1.5, 0.5], "rotation": 180, "texture": "#0"},
				"south": {"uv": [1, 0, 2.5, 0.5], "rotation": 180, "texture": "#0"},
				"west": {"uv": [1, 0, 1.5, 0.5], "rotation": 180, "texture": "#0"},
				"up": {"uv": [1, 0, 2.5, 0.5], "rotation": 180, "texture": "#0"},
				"down": {"uv": [1, 0, 2.5, 0.5], "rotation": 180, "texture": "#0"}
			}
		},
		{
			"from": [8, 0.1, 11.9],
			"to": [15, 1.1, 12],
			"rotation": {"angle": 0, "axis": "y", "origin": [14.4, 1.6, 8.5]},
			"faces": {
				"north": {"uv": [9, 5, 12.5, 5.5], "rotation": 180, "texture": "#0"},
				"east": {"uv": [9, 5, 9.05, 5.5], "rotation": 180, "texture": "#0"},
				"south": {"uv": [9, 5, 12.5, 5.5], "rotation": 180, "texture": "#0"},
				"west": {"uv": [9, 5, 9.05, 5.5], "rotation": 180, "texture": "#0"},
				"up": {"uv": [9, 5, 12.5, 5.05], "rotation": 180, "texture": "#0"},
				"down": {"uv": [9, 5, 12.5, 5.05], "rotation": 180, "texture": "#0"}
			}
		},
		{
			"from": [-7.1, 0.3, 12],
			"to": [-6.8, 0.9, 12.1],
			"rotation": {"angle": 0, "axis": "y", "origin": [14.4, 1.6, 8.5]},
			"faces": {
				"north": {"uv": [9.5, 2.5, 9.65, 2.8], "texture": "#0"},
				"east": {"uv": [9.5, 2.5, 9.55, 2.8], "texture": "#0"},
				"south": {"uv": [9.5, 2.5, 9.65, 2.8], "texture": "#0"},
				"west": {"uv": [9.5, 2.5, 9.55, 2.8], "texture": "#0"},
				"up": {"uv": [9.5, 2.5, 9.65, 2.55], "texture": "#0"},
				"down": {"uv": [9.5, 2.5, 9.65, 2.55], "texture": "#0"}
			}
		},
		{
			"from": [-7.5, 0.3, 11.9],
			"to": [-6.5, 0.9, 12],
			"rotation": {"angle": 0, "axis": "y", "origin": [14.4, 1.6, 8.5]},
			"faces": {
				"north": {"uv": [10, 4.5, 10.5, 4.8], "texture": "#0"},
				"east": {"uv": [10, 4.5, 10.05, 4.8], "texture": "#0"},
				"south": {"uv": [10, 4.5, 10.5, 4.8], "texture": "#0"},
				"west": {"uv": [10, 4.5, 10.05, 4.8], "texture": "#0"},
				"up": {"uv": [10, 4.5, 10.5, 4.55], "texture": "#0"},
				"down": {"uv": [10, 4.5, 10.5, 4.55], "texture": "#0"}
			}
		},
		{
			"from": [13.4, 0.1, 12],
			"to": [13.7, 1.1, 12.1],
			"rotation": {"angle": 0, "axis": "y", "origin": [14.4, 1.6, 8.5]},
			"faces": {
				"north": {"uv": [10, 4.5, 10.15, 5], "texture": "#0"},
				"east": {"uv": [10, 4.5, 10.05, 5], "texture": "#0"},
				"south": {"uv": [10, 4.5, 10.15, 5], "texture": "#0"},
				"west": {"uv": [10, 4.5, 10.05, 5], "texture": "#0"},
				"up": {"uv": [10, 4.5, 10.15, 4.55], "texture": "#0"},
				"down": {"uv": [10, 4.5, 10.15, 4.55], "texture": "#0"}
			}
		},
		{
			"from": [14.4, 0.1, 12],
			"to": [14.7, 1.1, 12.1],
			"rotation": {"angle": 0, "axis": "y", "origin": [14.4, 1.6, 8.5]},
			"faces": {
				"north": {"uv": [10, 4.5, 10.15, 5], "texture": "#0"},
				"east": {"uv": [10, 4.5, 10.05, 5], "texture": "#0"},
				"south": {"uv": [10, 4.5, 10.15, 5], "texture": "#0"},
				"west": {"uv": [10, 4.5, 10.05, 5], "texture": "#0"},
				"up": {"uv": [10, 4.5, 10.15, 4.55], "texture": "#0"},
				"down": {"uv": [10, 4.5, 10.15, 4.55], "texture": "#0"}
			}
		},
		{
			"from": [12.4, 0.1, 12],
			"to": [12.7, 1.1, 12.1],
			"rotation": {"angle": 0, "axis": "y", "origin": [14.4, 1.6, 8.5]},
			"faces": {
				"north": {"uv": [10, 4.5, 10.15, 5], "texture": "#0"},
				"east": {"uv": [10, 4.5, 10.05, 5], "texture": "#0"},
				"south": {"uv": [10, 4.5, 10.15, 5], "texture": "#0"},
				"west": {"uv": [10, 4.5, 10.05, 5], "texture": "#0"},
				"up": {"uv": [10, 4.5, 10.15, 4.55], "texture": "#0"},
				"down": {"uv": [10, 4.5, 10.15, 4.55], "texture": "#0"}
			}
		},
		{
			"from": [11.4, 0.1, 12],
			"to": [11.7, 1.1, 12.1],
			"rotation": {"angle": 0, "axis": "y", "origin": [14.4, 1.6, 8.5]},
			"faces": {
				"north": {"uv": [10, 4.5, 10.15, 5], "texture": "#0"},
				"east": {"uv": [10, 4.5, 10.05, 5], "texture": "#0"},
				"south": {"uv": [10, 4.5, 10.15, 5], "texture": "#0"},
				"west": {"uv": [10, 4.5, 10.05, 5], "texture": "#0"},
				"up": {"uv": [10, 4.5, 10.15, 4.55], "texture": "#0"},
				"down": {"uv": [10, 4.5, 10.15, 4.55], "texture": "#0"}
			}
		},
		{
			"from": [10.4, 0.1, 12],
			"to": [10.7, 1.1, 12.1],
			"rotation": {"angle": 0, "axis": "y", "origin": [14.4, 1.6, 8.5]},
			"faces": {
				"north": {"uv": [10, 4.5, 10.15, 5], "texture": "#0"},
				"east": {"uv": [10, 4.5, 10.05, 5], "texture": "#0"},
				"south": {"uv": [10, 4.5, 10.15, 5], "texture": "#0"},
				"west": {"uv": [10, 4.5, 10.05, 5], "texture": "#0"},
				"up": {"uv": [10, 4.5, 10.15, 4.55], "texture": "#0"},
				"down": {"uv": [10, 4.5, 10.15, 4.55], "texture": "#0"}
			}
		},
		{
			"from": [9.4, 0.1, 12],
			"to": [9.7, 1.1, 12.1],
			"rotation": {"angle": 0, "axis": "y", "origin": [14.4, 1.6, 8.5]},
			"faces": {
				"north": {"uv": [10, 4.5, 10.15, 5], "texture": "#0"},
				"east": {"uv": [10, 4.5, 10.05, 5], "texture": "#0"},
				"south": {"uv": [10, 4.5, 10.15, 5], "texture": "#0"},
				"west": {"uv": [10, 4.5, 10.05, 5], "texture": "#0"},
				"up": {"uv": [10, 4.5, 10.15, 4.55], "texture": "#0"},
				"down": {"uv": [10, 4.5, 10.15, 4.55], "texture": "#0"}
			}
		},
		{
			"from": [8.4, 0.1, 12],
			"to": [8.7, 1.1, 12.1],
			"rotation": {"angle": 0, "axis": "y", "origin": [14.4, 1.6, 8.5]},
			"faces": {
				"north": {"uv": [10, 4.5, 10.15, 5], "texture": "#0"},
				"east": {"uv": [10, 4.5, 10.05, 5], "texture": "#0"},
				"south": {"uv": [10, 4.5, 10.15, 5], "texture": "#0"},
				"west": {"uv": [10, 4.5, 10.05, 5], "texture": "#0"},
				"up": {"uv": [10, 4.5, 10.15, 4.55], "texture": "#0"},
				"down": {"uv": [10, 4.5, 10.15, 4.55], "texture": "#0"}
			}
		},
		{
			"from": [3, -0.1, 8.9],
			"to": [16, 1.3, 10.9],
			"rotation": {"angle": 0, "axis": "y", "origin": [14.4, 1.6, 8.5]},
			"faces": {
				"north": {"uv": [0.5, 3, 7, 3.7], "rotation": 180, "texture": "#0"},
				"east": {"uv": [0.5, 3, 1.5, 3.7], "rotation": 180, "texture": "#0"},
				"south": {"uv": [0.5, 3, 7, 3.7], "rotation": 180, "texture": "#0"},
				"west": {"uv": [0.5, 3, 1.5, 3.7], "rotation": 180, "texture": "#0"},
				"up": {"uv": [0.5, 3, 7, 4], "rotation": 180, "texture": "#0"},
				"down": {"uv": [0.5, 3, 7, 4], "rotation": 180, "texture": "#0"}
			}
		},
		{
			"from": [1, -0.1, 9.8],
			"to": [3, 1.3, 10.9],
			"rotation": {"angle": 0, "axis": "y", "origin": [14.4, 1.6, 8.5]},
			"faces": {
				"north": {"uv": [1.5, 2.5, 2.5, 3.2], "rotation": 180, "texture": "#0"},
				"east": {"uv": [1.5, 2.5, 2.05, 3.2], "rotation": 180, "texture": "#0"},
				"south": {"uv": [1.5, 2.5, 2.5, 3.2], "rotation": 180, "texture": "#0"},
				"west": {"uv": [1.5, 2.5, 2.05, 3.2], "rotation": 180, "texture": "#0"},
				"up": {"uv": [1.5, 2.5, 2.5, 3.05], "rotation": 180, "texture": "#0"},
				"down": {"uv": [1.5, 2.5, 2.5, 3.05], "rotation": 180, "texture": "#0"}
			}
		},
		{
			"from": [15, -0.075, 7.9],
			"to": [21, 1.2, 9.9],
			"rotation": {"angle": 22.5, "axis": "y", "origin": [18, 1, 8]},
			"faces": {
				"north": {"uv": [1, 4, 4, 4.6375], "rotation": 180, "texture": "#0"},
				"east": {"uv": [1, 4, 2, 4.6375], "rotation": 180, "texture": "#0"},
				"south": {"uv": [1, 4, 4, 4.6375], "rotation": 180, "texture": "#0"},
				"west": {"uv": [1, 4, 2, 4.6375], "rotation": 180, "texture": "#0"},
				"up": {"uv": [1, 4, 4, 5], "rotation": 180, "texture": "#0"},
				"down": {"uv": [1, 4, 4, 5], "rotation": 180, "texture": "#0"}
			}
		},
		{
			"from": [17.69448, -0.03596, 7.8],
			"to": [22.69448, 1.16404, 9.8],
			"rotation": {"angle": 0, "axis": "y", "origin": [18.19448, 1.96404, 8.5]},
			"faces": {
				"north": {"uv": [1, 3, 3.5, 3.6], "rotation": 180, "texture": "#0"},
				"east": {"uv": [1, 3, 2, 3.6], "rotation": 180, "texture": "#0"},
				"south": {"uv": [1, 3, 3.5, 3.6], "rotation": 180, "texture": "#0"},
				"west": {"uv": [1, 3, 2, 3.6], "rotation": 180, "texture": "#0"},
				"up": {"uv": [1, 3, 3.5, 4], "rotation": 180, "texture": "#0"},
				"down": {"uv": [1, 3, 3.5, 4], "rotation": 180, "texture": "#0"}
			}
		},
		{
			"from": [20.69448, -0.26096, 6.4],
			"to": [26.69448, 1.21404, 10.4],
			"rotation": {"angle": 0, "axis": "y", "origin": [24.19448, 0.47654, 8.4]},
			"faces": {
				"north": {"uv": [1, 2, 4, 2.7375], "rotation": 180, "texture": "#0"},
				"east": {"uv": [1, 2, 3, 2.7375], "rotation": 180, "texture": "#0"},
				"south": {"uv": [1, 2, 4, 2.7375], "rotation": 180, "texture": "#0"},
				"west": {"uv": [1, 2, 3, 2.7375], "rotation": 180, "texture": "#0"},
				"up": {"uv": [1, 2, 4, 4], "rotation": 180, "texture": "#0"},
				"down": {"uv": [1, 2, 4, 4], "rotation": 180, "texture": "#0"}
			}
		},
		{
			"from": [26.69448, -0.26096, 5.8],
			"to": [27.69448, 1.21404, 10.9],
			"rotation": {"angle": 0, "axis": "y", "origin": [24.19448, 0.47654, 8.4]},
			"faces": {
				"north": {"uv": [0.5, 0.5, 1.2375, 1], "rotation": 90, "texture": "#0"},
				"east": {"uv": [0.5, 0.5, 3.05, 1.2375], "texture": "#0"},
				"south": {"uv": [0.5, 0.5, 1.2375, 1], "rotation": 90, "texture": "#0"},
				"west": {"uv": [0.5, 0.5, 3.05, 1.2375], "texture": "#0"},
				"up": {"uv": [0.5, 0.5, 3.05, 1], "rotation": 90, "texture": "#0"},
				"down": {"uv": [0.5, 0.5, 3.05, 1], "rotation": 90, "texture": "#0"}
			}
		},
		{
			"from": [19.69448, -0.13596, 5.8],
			"to": [21.69448, 1.06404, 7.8],
			"rotation": {"angle": 0, "axis": "y", "origin": [20.69448, -0.03596, 8.5]},
			"faces": {
				"north": {"uv": [1, 2.5, 2, 3.1], "rotation": 180, "texture": "#0"},
				"east": {"uv": [1, 2.5, 2, 3.1], "rotation": 180, "texture": "#0"},
				"south": {"uv": [1, 2.5, 2, 3.1], "rotation": 180, "texture": "#0"},
				"west": {"uv": [1, 2.5, 2, 3.1], "rotation": 180, "texture": "#0"},
				"up": {"uv": [1, 2.5, 2, 3.5], "rotation": 180, "texture": "#0"},
				"down": {"uv": [1, 2.5, 2, 3.5], "rotation": 180, "texture": "#0"}
			}
		},
		{
			"from": [13.1, 0.3, 8],
			"to": [13.3, 0.7, 9],
			"rotation": {"angle": 0, "axis": "y", "origin": [13.2, 1.6, 8.5]},
			"faces": {
				"north": {"uv": [9, 2.5, 9.1, 2.7], "rotation": 180, "texture": "#0"},
				"east": {"uv": [9, 2.5, 9.5, 2.7], "rotation": 180, "texture": "#0"},
				"south": {"uv": [9, 2.5, 9.1, 2.7], "rotation": 180, "texture": "#0"},
				"west": {"uv": [9, 2.5, 9.5, 2.7], "rotation": 180, "texture": "#0"},
				"up": {"uv": [9, 2.5, 9.1, 3], "rotation": 180, "texture": "#0"},
				"down": {"uv": [9, 2.5, 9.1, 3], "rotation": 180, "texture": "#0"}
			}
		},
		{
			"from": [15.825, 0.325, 7.975],
			"to": [16.025, 0.725, 8.975],
			"rotation": {"angle": 0, "axis": "y", "origin": [13.2, 1.625, 8.5]},
			"faces": {
				"north": {"uv": [9, 2.5, 9.1, 2.7], "rotation": 180, "texture": "#0"},
				"east": {"uv": [9, 2.5, 9.5, 2.7], "rotation": 180, "texture": "#0"},
				"south": {"uv": [9, 2.5, 9.1, 2.7], "rotation": 180, "texture": "#0"},
				"west": {"uv": [9, 2.5, 9.5, 2.7], "rotation": 180, "texture": "#0"},
				"up": {"uv": [9, 2.5, 9.1, 3], "rotation": 180, "texture": "#0"},
				"down": {"uv": [9, 2.5, 9.1, 3], "rotation": 180, "texture": "#0"}
			}
		},
		{
			"from": [15.2, 0.3, 8.3],
			"to": [15.3, 0.6, 9],
			"rotation": {"angle": 0, "axis": "y", "origin": [13.2, 1.6, 8.5]},
			"faces": {
				"north": {"uv": [10, 3, 10.05, 3.15], "rotation": 180, "texture": "#0"},
				"east": {"uv": [10, 3, 10.35, 3.15], "rotation": 180, "texture": "#0"},
				"south": {"uv": [10, 3, 10.05, 3.15], "rotation": 180, "texture": "#0"},
				"west": {"uv": [10, 3, 10.35, 3.15], "rotation": 180, "texture": "#0"},
				"up": {"uv": [10, 3, 10.05, 3.35], "rotation": 180, "texture": "#0"},
				"down": {"uv": [10, 3, 10.05, 3.35], "rotation": 180, "texture": "#0"}
			}
		},
		{
			"from": [15.425, 0.3, 7.75],
			"to": [15.525, 0.6, 8.45],
			"rotation": {"angle": 45, "axis": "y", "origin": [15.25, 0.45, 8.65]},
			"faces": {
				"north": {"uv": [10, 3, 10.05, 3.15], "rotation": 180, "texture": "#0"},
				"east": {"uv": [10, 3, 10.35, 3.15], "rotation": 180, "texture": "#0"},
				"south": {"uv": [10, 3, 10.05, 3.15], "rotation": 180, "texture": "#0"},
				"west": {"uv": [10, 3, 10.35, 3.15], "rotation": 180, "texture": "#0"},
				"up": {"uv": [10, 3, 10.05, 3.35], "rotation": 180, "texture": "#0"},
				"down": {"uv": [10, 3, 10.05, 3.35], "rotation": 180, "texture": "#0"}
			}
		},
		{
			"from": [13.275, 0.3, 6.725],
			"to": [13.475, 0.7, 7.725],
			"rotation": {"angle": -45, "axis": "y", "origin": [12.9, 0.6, 7.7]},
			"faces": {
				"north": {"uv": [9, 2.5, 9.1, 2.7], "rotation": 180, "texture": "#0"},
				"east": {"uv": [9, 2.5, 9.5, 2.7], "rotation": 180, "texture": "#0"},
				"south": {"uv": [9, 2.5, 9.1, 2.7], "rotation": 180, "texture": "#0"},
				"west": {"uv": [9, 2.5, 9.5, 2.7], "rotation": 180, "texture": "#0"},
				"up": {"uv": [9, 2.5, 9.1, 3], "rotation": 180, "texture": "#0"},
				"down": {"uv": [9, 2.5, 9.1, 3], "rotation": 180, "texture": "#0"}
			}
		},
		{
			"from": [14.92175, 0.325, 8.625],
			"to": [15.12175, 0.725, 9.625],
			"rotation": {"angle": 45, "axis": "y", "origin": [13.57175, 0.525, 7.7]},
			"faces": {
				"north": {"uv": [9, 2.5, 9.1, 2.7], "rotation": 180, "texture": "#0"},
				"east": {"uv": [9, 2.5, 9.5, 2.7], "rotation": 180, "texture": "#0"},
				"south": {"uv": [9, 2.5, 9.1, 2.7], "rotation": 180, "texture": "#0"},
				"west": {"uv": [9, 2.5, 9.5, 2.7], "rotation": 180, "texture": "#0"},
				"up": {"uv": [9, 2.5, 9.1, 3], "rotation": 180, "texture": "#0"},
				"down": {"uv": [9, 2.5, 9.1, 3], "rotation": 180, "texture": "#0"}
			}
		}
	],
	"display": {
		"thirdperson_righthand": {
			"scale": [0, 0, 0]
		},
		"thirdperson_lefthand": {
			"scale": [0, 0, 0]
		},
		"firstperson_righthand": {
			"scale": [0, 0, 0]
		},
		"firstperson_lefthand": {
			"scale": [0, 0, 0]
		},
		"ground": {
			"translation": [0, 10, 0]
		},
		"gui": {
			"rotation": [-90, 19, -24],
			"translation": [0, -0.5, 0],
			"scale": [0.52, 0.52, 0.52]
		}
	},
	"groups": [
		{
			"name": "group",
			"origin": [14.4, 1.6, 8.5],
			"children": [0, 1, 2, 3, 4, 5, 6, 7, 8, 9, 10, 11, 12, 13, 14, 15, 16, 17, 18, 19, 20, 21, 22, 23, 24, 25, 26, 27, 28, 29, 30, 31, 32, 33, 34, 35]
		}
	]
}